{
  "os":  "Linux-6.14.0-24-generic-x86_64-with-glibc2.35",
  "python":  "CPython 3.11.11",
  "startedAt":  "2025-09-14T19:15:14.230351Z",
  "program":  "workspace/Untitled.ipynb",
  "email":  "roy.dip123@gmail.com",
  "root":  "/workspace",
  "host":  "9aba09e2c108",
  "executable":  "/usr/bin/python",
  "cpu_count":  224,
  "cpu_count_logical":  224,
  "gpu":  "NVIDIA RTX PRO 6000 Blackwell Server Edition",
  "gpu_count":  1,
  "disk":  {
    "/":  {
      "total":  "32212254720",
      "used":  "5275455488"
    }
  },
  "memory":  {
    "total":  "1902327939072"
  },
  "gpu_nvidia":  [
    {
      "name":  "NVIDIA RTX PRO 6000 Blackwell Server Edition",
      "memoryTotal":  "102641958912",
      "cudaCores":  24064,
      "architecture":  "Blackwell",
      "uuid":  "GPU-9baf0c76-7eac-7614-43e3-5c6ea53f74db"
    }
  ],
  "cudaVersion":  "12.8",
  "writerId":  "b0xkfr0hvr7hryr8u8corclp2zl5nd87"
}